Series Name,Series Code,Country Name,Country Code,1960 [YR1960],1961 [YR1961],1962 [YR1962],1963 [YR1963],1964 [YR1964],1965 [YR1965],1966 [YR1966],1967 [YR1967],1968 [YR1968],1969 [YR1969],1970 [YR1970],1971 [YR1971],1972 [YR1972],1973 [YR1973],1974 [YR1974],1975 [YR1975],1976 [YR1976],1977 [YR1977],1978 [YR1978],1979 [YR1979],1980 [YR1980],1981 [YR1981],1982 [YR1982],1983 [YR1983],1984 [YR1984],1985 [YR1985],1986 [YR1986],1987 [YR1987],1988 [YR1988],1989 [YR1989],1990 [YR1990],1991 [YR1991],1992 [YR1992],1993 [YR1993],1994 [YR1994],1995 [YR1995],1996 [YR1996],1997 [YR1997],1998 [YR1998],1999 [YR1999],2000 [YR2000],2001 [YR2001],2002 [YR2002],2003 [YR2003],2004 [YR2004],2005 [YR2005],2006 [YR2006],2007 [YR2007],2008 [YR2008],2009 [YR2009],2010 [YR2010],2011 [YR2011],2012 [YR2012],2013 [YR2013],2014 [YR2014],2015 [YR2015],2016 [YR2016],2017 [YR2017],2018 [YR2018],2019 [YR2019]
"Population ages 00-04, male (% of male population)",SP.POP.0004.MA.5Y,United States,USA,11.4381657574772,11.3816762735344,11.1839079498871,10.8828231592049,10.5426197641903,10.213357205912,9.87073099169291,9.54336279803007,9.24541213937662,8.9766714097543,8.72431980651409,8.38807572435856,8.17771069358024,8.04827550755403,7.94837181034015,7.8483183575798,7.86495246651817,7.81311053070737,7.72025040490504,7.63469649514388,7.59641453243248,7.62110762633882,7.63579728849894,7.6522218605564,7.67448016277094,7.70932180494095,7.78002142570243,7.84062974200812,7.89314556170165,7.93583476042506,7.96659372226741,8.00011105430069,8.00133567068562,7.9715459514828,7.91266672464897,7.83547661924379,7.77070626412428,7.63455764674331,7.46708287060376,7.31699075599539,7.20725753008823,7.0537569869452,7.01971888404147,7.0580229474647,7.10312161391804,7.11841904407602,7.23697107234268,7.25067063825548,7.18652104580042,7.09043348508328,6.99951006124005,6.93015503773079,6.81262256967348,6.67385958327522,6.53840482312872,6.42208228065959,6.26994925869987,6.19046917674438,6.16244831397529,..
"Population ages 00-04, female (% of female population)",SP.POP.0004.FE.5Y,United States,USA,10.7748693853712,10.7023312101293,10.5064168448272,10.219987333014,9.89907467641386,9.58451164030849,9.23569718322615,8.91075966494945,8.61706028277439,8.35053524552291,8.10018932313024,7.79937186396941,7.60097027808939,7.46955893100583,7.36255575594819,7.25213572030579,7.20217022548721,7.11223861230299,7.00204015334656,6.91051489877221,6.86775681410265,6.87683089355355,6.91066970418179,6.96658364097274,7.02882346607894,7.08774893009688,7.18230639977191,7.24156999585119,7.27384931112918,7.29291915350158,7.30983208991617,7.34643914093424,7.35588376697376,7.33986123706322,7.29672561593119,7.23430845652997,7.18966314836864,7.07334415349049,6.9233627049262,6.78752938889541,6.69025609816446,6.55805537172828,6.53184874156469,6.57019807412063,6.61409819393606,6.63065927440409,6.74133105310733,6.75574190120631,6.69829648254261,6.61069011595244,6.52696708072508,6.4676449226969,6.36224789679636,6.23628548906379,6.11321594928241,6.00793478586421,5.86695280055949,5.79502674118961,5.77175497739534,..
"Population ages 05-09, female (% of female population)",SP.POP.0509.FE.5Y,United States,USA,10.0245825367439,10.0453317102871,10.0782516178896,10.1166664701194,10.1358446778524,10.1024206749473,10.0267612852819,9.89773806073826,9.71879585233497,9.50657115814975,9.28665302074472,9.04522574202324,8.76124732571019,8.4462165662087,8.12625436037725,7.83554047641174,7.58899595368783,7.38725925355977,7.22923213228659,7.09833196477552,6.96889864371107,6.87706042356333,6.79973471937506,6.7358902577506,6.68630716868273,6.6519093409321,6.67245428998814,6.70987690793659,6.75800075115379,6.80667962825888,6.84344604235501,6.91807723876179,6.98328866368861,7.03245012427015,7.06202811666586,7.06965639674116,7.11042136086027,7.14493162545403,7.16436289122461,7.15863367363484,7.11895626566298,7.0578072490692,6.94583588153923,6.7890306428025,6.6147854405839,6.46213775609865,6.40714015928248,6.39742986199681,6.4216884230714,6.45278412223614,6.45334586048379,6.41914190519016,6.39457001075641,6.37820505488417,6.36122832033393,6.33032874281422,6.28339216097934,6.20068707001235,6.08819486317261,..
"Population ages 05-09, male (% of male population)",SP.POP.0509.MA.5Y,United States,USA,10.6414268064108,10.6720172096038,10.7214932841233,10.7787973391355,10.8138145111275,10.787300478027,10.7274752326623,10.6166754724922,10.4569941642116,10.2622201017337,10.0549715254365,9.78982425523343,9.47147395789648,9.1123577658242,8.74479989273283,8.4118861996372,8.22230975851838,8.07281225029032,7.95587864371795,7.8494694295628,7.72323264485804,7.59646879864759,7.5029433171507,7.4393204806055,7.3963039622983,7.3599626507564,7.35349203162033,7.36381468690012,7.388504133009,7.42187826547156,7.45608679958041,7.52829137564371,7.59145238365189,7.64045433839286,7.67071526186212,7.67756362074202,7.71360078600256,7.74101148415199,7.75257421102223,7.7385962692002,7.69053608697531,7.62072900486849,7.49149585976431,7.3121222347567,7.11423323741463,6.94138778953884,6.87685881519938,6.86251236471594,6.88688458182171,6.91997562620823,6.92013631266598,6.87753677945894,6.84639863078626,6.82431112042149,6.80171431659891,6.76478389448277,6.71260246929768,6.62288022024342,6.5016497692147,..
"Population ages 10-14, female (% of female population)",SP.POP.1014.FE.5Y,United States,USA,8.97011662290343,9.11851393945232,9.21983560769687,9.28738244127151,9.3444925117612,9.40948218564654,9.4939304175252,9.57291351656328,9.63684166880329,9.66625377013487,9.64539102341659,9.59690678822388,9.49846230384383,9.36011381759796,9.1870511768336,8.97644657531252,8.73007541194128,8.45531740731881,8.16491230104821,7.88110582349461,7.62393157452973,7.41919167322719,7.24520581498365,7.09651340310481,6.96385656134556,6.84127841698141,6.7546073473029,6.68939145383395,6.64356040235013,6.61569739684071,6.60413771831953,6.62275833618976,6.66340329066777,6.7187423412294,6.77950692540387,6.83629842366065,6.88227063228428,6.93312425696945,6.98610399283862,7.03646092808658,7.07877559352746,7.10718655726802,7.12158433593584,7.12281537698473,7.09989516180655,7.03533002428476,6.92464866682669,6.80182633062179,6.68070341650535,6.58248999141608,6.52102592548918,6.45477230938057,6.39915975723382,6.3488373427392,6.29984956195191,6.25429563181884,6.25228770292958,6.25095380303971,6.24490375377582,..
"Population ages 10-14, male (% of male population)",SP.POP.1014.MA.5Y,United States,USA,9.54992920703294,9.70312278958805,9.81390345742864,9.89482402646847,9.97075177913511,10.0604683452837,10.1663231568831,10.2766993486537,10.3651753320031,10.4133334059025,10.415830975955,10.3617644552119,10.2603648254542,10.1204927077291,9.94234333057508,9.71732310175677,9.52057282664266,9.29889295054716,9.06048116825854,8.82624441413713,8.61385753737885,8.35793202379722,8.13272736318206,7.93079927685265,7.74900787158816,7.59029643554793,7.46898414519689,7.37567907054477,7.30283800523444,7.24623907768903,7.20617209545403,7.22090195183624,7.25957076657946,7.30885860738587,7.36000902865052,7.40816194364974,7.45738459442193,7.51338269597849,7.56667917580526,7.61109318471043,7.6445709168448,7.68315754539814,7.70476115065534,7.70598382622144,7.67455623135665,7.59428984984696,7.46738946100225,7.33036604411252,7.19383472189283,7.0799921081386,7.00608364107127,6.9174396516322,6.84691477297203,6.7874678554085,6.7323370422691,6.6817644003384,6.67481919746659,6.67002431091193,6.66185336077181,..
"Population ages 15-19, female (% of female population)",SP.POP.1519.FE.5Y,United States,USA,7.18072423079477,7.4349567056676,7.71896423137028,7.99991483969421,8.24316550651812,8.43553866471446,8.60655976055538,8.73393398234701,8.82767126844721,8.91037672166332,8.99589163644102,9.10555634942838,9.20690466444488,9.28748825135643,9.33039952516942,9.32644039023378,9.28484487049289,9.20817467664042,9.09100318664689,8.92956238823062,8.72647413596756,8.50008236824152,8.2431515961224,7.97383488342307,7.71733672499131,7.48852815202295,7.28914183357559,7.12654337444836,6.99361994995955,6.88097156630212,6.78412549098569,6.69038793687166,6.62238239932692,6.58355420034622,6.57399256168302,6.58934961817338,6.60931513219511,6.64337823742735,6.68946757398343,6.74099001725175,6.792866585464,6.85355398674478,6.90405283408303,6.945211728307,6.9801002399868,7.00924075653308,7.00012045352596,6.99526675614816,6.98538632063981,6.95663756852088,6.90507186742216,6.86137500162216,6.78137528596211,6.67511671237332,6.56339347285858,6.46058215673327,6.40192399159305,6.35095695993179,6.30565568050364,..
"Population ages 15-19, male (% of male population)",SP.POP.1519.MA.5Y,United States,USA,7.51998025047983,7.78272913604908,8.07932150854185,8.38877077511979,8.67319339498728,8.90908758617641,9.01981577477252,9.11550458214522,9.24115244697311,9.40793471680126,9.59099691455987,9.76002185925456,9.87496773654131,9.9525175957096,9.99745051339968,10.0036698291326,9.98949855858825,9.96579276170305,9.92951515915017,9.86594072598803,9.76274353706911,9.52518569924825,9.24626694304391,8.95467060306508,8.67834706094792,8.42739946219849,8.18097120091532,7.95970137874874,7.76683324111333,7.60265007229344,7.46439683905103,7.3177690976709,7.2179181414274,7.16944487595036,7.16487753677327,7.18876613896797,7.18921195046657,7.20816015691387,7.24899362825569,7.30576216611406,7.3677752952784,7.42793250807104,7.4823307818406,7.53156920225963,7.57897449810299,7.62249383503242,7.58923233261521,7.56798585543348,7.55007175051296,7.5195065047689,7.46826947038059,7.40137729356489,7.29157352131305,7.15318581940285,7.01292200121942,6.88868873474383,6.81308543396829,6.75110316904819,6.69996338459595,..
"Population ages 20-24, female (% of female population)",SP.POP.2024.FE.5Y,United States,USA,6.14358026318404,6.2010471206815,6.30698184005699,6.46325481612053,6.66350807568218,6.8933634572671,7.11841376747848,7.36843611197794,7.63032328377369,7.87832180788996,8.09155469941018,8.27869867025184,8.41681350621693,8.52582425145481,8.63072196217276,8.74077590014181,8.83516310813078,8.93140837028097,9.01908312692947,9.07511182949304,9.08198138255007,9.04268792346064,8.96013313003756,8.83849314668023,8.68192719981329,8.49401913374776,8.25672543021078,8.00040687488862,7.74826786267729,7.51971011162024,7.32133313218889,7.14432708832438,6.98411103627291,6.84462051886999,6.72619318084977,6.62944969094497,6.59028241358475,6.56556343762142,6.54693071876264,6.53250975594219,6.52674151118418,6.54936378776057,6.58603646378451,6.63324986451337,6.68591141806568,6.73898688782742,6.76310738478259,6.78191809887213,6.79327027380077,6.79814471710863,6.79957096572781,6.8462247063931,6.90064952057577,6.94942411945335,6.97229136664707,6.95553920977277,6.90822244522764,6.8255745277227,6.72341594882102,..
"Population ages 20-24, male (% of male population)",SP.POP.2024.MA.5Y,United States,USA,6.20607246724002,6.30699274780914,6.44754540117856,6.61336064155782,6.79989164496666,7.01171574506285,7.29607061629574,7.5546581889677,7.74861691265159,7.87874796987423,7.98668104890563,8.30894028732054,8.61486269552285,8.87205346455504,9.07041647912044,9.22296493848087,9.34577119704423,9.46572465781813,9.57400618809649,9.65783951296147,9.71329355590902,9.73836060397443,9.72117490703597,9.64956569003074,9.51834318388478,9.33614114953065,9.11126773896301,8.8599937810821,8.60060474593664,8.35129579754211,8.12217446415928,7.88592373353915,7.65783838744941,7.45079685455861,7.27528077867513,7.13938354573221,7.07737909408996,7.04066764805926,7.01773235011081,7.00128063821266,6.99465834882201,6.99617693281969,7.02428447678837,7.08105756070197,7.15812158483201,7.24286528170966,7.2607241143573,7.26787867299723,7.26999159454518,7.27207390527201,7.27732506149134,7.33729621737338,7.40002137382809,7.45089277593952,7.4687365191099,7.44023892163851,7.37593334184031,7.26898871763019,7.13941249134994,..
"Population ages 25-29, female (% of female population)",SP.POP.2529.FE.5Y,United States,USA,5.99896074691375,5.86945430629823,5.78791004547594,5.75069850699174,5.75481862585331,5.80201527112382,5.89956367150383,6.02662948906593,6.17680075969107,6.34969724840268,6.54811735530495,6.81222734847894,7.0956651956505,7.37496864862958,7.6268655774628,7.84210232716764,8.02926572253902,8.17832562655659,8.291370155268,8.38630391853673,8.47946114601859,8.5911024512704,8.69798587297513,8.77907663379862,8.81630719726949,8.80519764435271,8.76544495747585,8.67961813006322,8.53969804949766,8.35407315294995,8.14256603956495,7.97372595715836,7.78445823785469,7.57433900868622,7.35793955210896,7.15311857930103,6.98854892251649,6.86755334843773,6.7829137199499,6.71887373843722,6.66208037944859,6.59868282913822,6.5409998324394,6.49566195989119,6.47151611754737,6.47132829360208,6.47203545795298,6.49202943814147,6.52362251622977,6.55592275005128,6.58167468570237,6.62389478989555,6.66977601898698,6.71859387699265,6.77119268836187,6.82661467950493,6.87795000447286,6.93184336956615,6.97818468943972,..
"Population ages 25-29, male (% of male population)",SP.POP.2529.MA.5Y,United States,USA,6.21478282024367,6.09009079132782,6.00483197642379,5.96640372405533,5.97710171091049,6.02969252377238,6.12411500829846,6.26824142495946,6.45813403583187,6.67202252104946,6.8745879209525,7.06811969771551,7.28319212993017,7.53432611991034,7.82029549740557,8.11543187235881,8.30827682265208,8.48406336245304,8.63189488576602,8.76085257712456,8.88543695477557,9.02833055740747,9.16876697601297,9.28991926789624,9.3743839412373,9.41145773896689,9.39149961951829,9.32673472186988,9.21159994605361,9.05147051006376,8.8602552212475,8.70262889077472,8.50445770926701,8.26442589759903,8.00158327563644,7.74124632607822,7.54102290497551,7.37765498859765,7.24386719037368,7.13126583972017,7.03505353369118,6.93855837600804,6.8507587660687,6.77325725271276,6.71728425099181,6.69523561281267,6.71804794142038,6.76328733885435,6.8115005908006,6.84699574371074,6.86802142782583,6.93456826161019,7.00765021308263,7.08384112488,7.16045992120882,7.23438759916768,7.30073476220147,7.3641224548155,7.41386953889707,..
"Population ages 30-34, female (% of female population)",SP.POP.3034.FE.5Y,United States,USA,6.58522461232553,6.36591022611111,6.14844145346488,5.94494099789493,5.770084213185,5.63327577655059,5.54149232863716,5.49024004195866,5.48118016977417,5.5110155489588,5.57344505507533,5.66288306134058,5.79027688225578,5.96084937116279,6.1723696369096,6.4131861262141,6.63412559529236,6.88704164874211,7.16140258155501,7.42803687802773,7.65928376057242,7.81975457228438,7.9427040775127,8.04951735266492,8.16040508372702,8.2760903614653,8.35158588553515,8.42920833291301,8.50721940929374,8.56270729709813,8.56916938534703,8.51118801992221,8.42187869344651,8.31591018776961,8.20020636394336,8.06796427434852,7.86730782946596,7.65003107036793,7.43061857992868,7.23019158182325,7.06288184947441,6.92095792352732,6.8043355340669,6.70954174797482,6.62956124351246,6.55978646418868,6.48661601110921,6.42820208623737,6.38415550757919,6.35638919873578,6.34592424954184,6.35211171177951,6.38122443054504,6.42669309398242,6.47978077510839,6.53493797606679,6.58615700530287,6.63416275370856,6.68134188704712,..
"Population ages 30-34, male (% of male population)",SP.POP.3034.MA.5Y,United States,USA,6.68399066303773,6.49512639745965,6.32372028157221,6.17340025360174,6.04637222325253,5.94583541680916,5.85237923921162,5.79352156812662,5.77909532703961,5.81473046524553,5.89966703009915,5.99104459766684,6.12154660950825,6.2894359992025,6.48859506380373,6.7165419021599,6.85390425812445,7.03970806864609,7.28335243989042,7.55628045362827,7.81571429432214,8.01715243498177,8.17956348825628,8.32494101622106,8.47494499279759,8.6316113916244,8.74505319810705,8.84782228010565,8.93814497644662,9.00047608902699,9.01742723007218,8.99367114716856,8.94818266321001,8.88800955298741,8.80763124132086,8.69076916403655,8.47404768319931,8.23544380329459,7.99441845967807,7.77250735440189,7.57940590878796,7.38529363521008,7.20693078161748,7.04965861853806,6.91403611668686,6.79570818825316,6.68177263424604,6.59487772436177,6.53933412870284,6.51423635992653,6.51140603250449,6.5267631168852,6.56665729856786,6.62504638094968,6.69465884782259,6.77049171310615,6.84591683621329,6.92069058560543,6.99502752544046,..
"Population ages 35-39, female (% of female population)",SP.POP.3539.FE.5Y,United States,USA,6.86309966690574,6.75813525597259,6.62790621629155,6.47612027930265,6.30964642750165,6.1358565617337,5.96650555850097,5.79167070214071,5.62272336239985,5.47711511026696,5.36758907979016,5.29063870385689,5.24634138668973,5.23554619018952,5.26142154925626,5.32907784827591,5.43399990990958,5.56937628504446,5.72742150872638,5.90650685631968,6.11092966365113,6.35549116669427,6.6181865119019,6.87451881022366,7.10233673994375,7.29683466780996,7.48388701285653,7.62873603138942,7.73117542723358,7.8114857069997,7.89272423236862,7.98414041015977,8.08409965362843,8.1710723978405,8.22390618962595,8.23807431516387,8.19758798683242,8.13293144592041,8.04347861707116,7.92676808878804,7.7838716077612,7.62258910461632,7.43104760471758,7.22997380608799,7.0455209901396,6.89111628310009,6.74007771042914,6.62368497125785,6.53609053528581,6.46496496636902,6.40207174707093,6.34017845989809,6.2893224845517,6.25150812196062,6.2315126488842,6.23201540202668,6.24927945188514,6.28210444332409,6.32704218383546,..
"Population ages 35-39, male (% of male population)",SP.POP.3539.MA.5Y,United States,USA,6.92155370473105,6.8192123976768,6.69317079937279,6.54934610764779,6.39956224681208,6.25485928494958,6.12515450923376,5.99100544182333,5.85464674466455,5.72850438214218,5.6294345636571,5.57535340218908,5.54153603292437,5.5281955066693,5.54403986261608,5.60033523446861,5.67608544841081,5.76317538268653,5.83965262739539,5.91648432421668,6.02841856877098,6.27600831795975,6.57169995936956,6.87896335058272,7.158337575012,7.39608162336841,7.62820081085947,7.81581316346499,7.95924902872078,8.07743490250079,8.18981302152185,8.2942839263014,8.40359525934504,8.50243943994949,8.57630934945046,8.62228291057773,8.60224144213434,8.56152312357752,8.49333414643473,8.38926384930149,8.25018087858724,8.08613806685357,7.88333259687908,7.66209121432579,7.44829955932976,7.25633732851091,7.06957363854355,6.90652409531899,6.7645890785258,6.64046316551711,6.53523198308692,6.45285314858836,6.39518146151298,6.36076983153825,6.34864567312097,6.35795989393904,6.38488732706935,6.42854226488836,6.48638722368124,..
"Population ages 40-44, female (% of female population)",SP.POP.4044.FE.5Y,United States,USA,6.3979164073169,6.38452609507546,6.39680288851095,6.41407534897315,6.40900308315536,6.36738473363401,6.29816906517611,6.20177947527437,6.08334278798726,5.95125315548529,5.81179866547898,5.6580797580544,5.49552920300515,5.33874997909299,5.20573858302005,5.10667278160024,5.03583727051939,5.00216283678576,5.00722858598708,5.04736014137604,5.11638201969315,5.20512995336984,5.32402669928166,5.47559085506532,5.65854737708232,5.8646295209647,6.07024617930038,6.30705715767547,6.56522284823657,6.81665123145098,7.0337751863648,7.16660546425659,7.26059315726298,7.33905174082808,7.42657345014929,7.52916027560713,7.61891270949459,7.70553888364002,7.77854090540285,7.82146436270777,7.82631671869513,7.81840085564477,7.77679873516806,7.7046843807375,7.60598683373142,7.48416862490098,7.32257899885215,7.1408470147188,6.95312748524104,6.77845660875768,6.62963615110864,6.50524792247311,6.41128534997116,6.34026504094573,6.28043451636799,6.22518290510998,6.17739573084819,6.13414209844066,6.10017496012686,..
"Population ages 45-49, female (% of female population)",SP.POP.4549.FE.5Y,United States,USA,6.05047546561103,5.99245365430386,5.93984050592197,5.90368639603628,5.8896051596843,5.89476618472294,5.91092887106305,5.94139756508141,5.97367040039923,5.98728234119559,5.96912920285325,5.91421648814964,5.82956284626417,5.72306297390069,5.60424998320055,5.4790771221253,5.34609237085742,5.20657035580398,5.07042437744542,4.95230201808223,4.86326067543931,4.80102500818389,4.76891374149559,4.76557932397145,4.79153660001529,4.84916431446164,4.9362166065603,5.04721413996721,5.17735165882173,5.32974299082042,5.51135747952283,5.72893781102053,5.96549454444365,6.19612476297931,6.39753322229113,6.56413555477856,6.73057916859602,6.86579480552062,6.97159336619084,7.06091796545057,7.14479129478372,7.23978395466821,7.32772245846044,7.40196362262644,7.45241083626211,7.47257889734805,7.46119737277093,7.42538744040875,7.36098490660323,7.26615986022984,7.14455502681419,6.99855348487426,6.83745630974941,6.67211843809674,6.51900877662983,6.3886923261335,6.28191192991552,6.19833020805076,6.13377514718993,..
"Population ages 50-54, female (% of female population)",SP.POP.5054.FE.5Y,United States,USA,5.61752764845436,5.60265541804979,5.58731454447923,5.55926354334541,5.51916050779523,5.47901279695401,5.46028225993978,5.45053088047414,5.44549809969366,5.44806749316805,5.46300726780257,5.4893976234653,5.52852557179802,5.56489249659458,5.58030827505868,5.56620890797017,5.52977079105008,5.47248922956779,5.39492094116935,5.30006883814013,5.1920242061837,5.06113248074087,4.92387279671015,4.79086834215357,4.67736257862295,4.59256205873941,4.52354993948404,4.48784443256325,4.48730344749777,4.51862582246488,4.57584448543729,4.64615526213298,4.74288918211778,4.8703424206145,5.02919081472552,5.21165942180601,5.39660659784785,5.6120594499624,5.84588070248576,6.07180745709383,6.26755735805288,6.42784232373567,6.54522557813179,6.63386598361185,6.71699683962405,6.80635962441413,6.88653246023581,6.97347964561009,7.0563696856289,7.11762295289445,7.14568226063693,7.12511800846953,7.08238610664667,7.01690122896994,6.92917427251202,6.82123377985736,6.69463294500162,6.54790379777771,6.39457538886147,..
"Population ages 55-59, female (% of female population)",SP.POP.5559.FE.5Y,United States,USA,5.11763256304259,5.10382496116712,5.09810070703449,5.11002464681861,5.13556475193731,5.15977776227049,5.12646770713855,5.08767383981925,5.05868106508587,5.04730190762793,5.04948487712101,5.02912096959527,5.00894702305897,5.00328345331672,5.0189754899936,5.05139282647087,5.08526157781055,5.13228534768598,5.18352158816039,5.21990401754222,5.22710962199359,5.18115465452558,5.11195039235866,5.02711840821349,4.93262830648572,4.83064005459813,4.71025143849298,4.5803368142673,4.45251759015213,4.34250480547412,4.26109143965609,4.20315918482551,4.17503900371142,4.17521060311759,4.20225689258006,4.25662172385282,4.3330481663022,4.4323878671229,4.55151348662217,4.69207738516649,4.85785221540674,5.06051976863609,5.28818260571027,5.52449895475906,5.74513624138219,5.93397999167852,6.07298839096981,6.18228707256304,6.27257526250263,6.36059393739241,6.4553337050413,6.53201560057981,6.61285145380896,6.68683792094299,6.73856341860143,6.75928806886757,6.75058641442827,6.71592899860491,6.65767761006597,..
"Population ages 60-64, female (% of female population)",SP.POP.6064.FE.5Y,United States,USA,4.26022223041197,4.28330848430456,4.32317492322964,4.36669727013581,4.40422922339127,4.43904301728563,4.49179063085767,4.53521611093164,4.55881088300549,4.56276129669406,4.55785774882052,4.58311073213933,4.59517807979674,4.58422913252236,4.55921726933323,4.53854009095465,4.54852265592527,4.57128301461602,4.59649736107235,4.62250731332391,4.65457111050411,4.69267922080067,4.73892940808323,4.77362541402401,4.78205683622164,4.76298981994921,4.72836063264103,4.68069688493319,4.61499483413289,4.53135514440733,4.4345668550524,4.31808111326195,4.199039760508,4.084235330905,3.98717089792664,3.91759599259346,3.86518194113499,3.84641065782462,3.85714351030504,3.89219210072203,3.94808996860888,4.02329314023576,4.11528724024039,4.22785554777975,4.36863318806956,4.54032629573596,4.7239858249463,4.93812507250682,5.16260723030044,5.37096742104644,5.54907991089725,5.68108987542545,5.78616074663233,5.87262175815579,5.95528775092073,6.0420134058646,6.12321902884086,6.20346890992516,6.27494688623985,..
"Population ages 65 and above, female",SP.POP.65UP.FE.IN,United States,USA,9129501,9398987,9662954,9927724,10201093,10474283,10762508,11058270,11359771,11670580,12008828,12371956,12711772,13050694,13400084,13766651,14097934,14440704,14802843,15183725,15550510,15879451,16192634,16502703,16821112,17161905,17467078,17772719,18084844,18398154,18733129,19018981,19290873,19531693,19736688,19914954,20024127,20126831,20214380,20298836,20387123,20469861,20534403,20601784,20724462,20902768,21152004,21452009,21818559,22251373,22763889,23321803,23960568,24654576,25405509,26197152,27010783,27810032,28624651,..
"Population ages 55-59, male (% of male population)",SP.POP.5559.MA.5Y,United States,USA,4.88078328579031,4.84879959473433,4.81748116666803,4.80246023598595,4.81028853914945,4.83373546505079,4.81092460350357,4.79437809715929,4.79084176378573,4.80095765545258,4.82073841250896,4.81604143633346,4.80680185543326,4.80337460159377,4.81628370722839,4.8476448238772,4.87001113089292,4.89949421368809,4.92628755226395,4.93217495750006,4.90598700258764,4.85843042249796,4.79518137483281,4.71947287091709,4.63505842564403,4.54508755398827,4.43699889624482,4.32258822174238,4.21405230979112,4.13037731630476,4.08373162423603,4.06030424854914,4.0735258099761,4.11086253421318,4.15714309689594,4.2070699523949,4.25546074877563,4.30543031372949,4.36557096724688,4.45654047896808,4.59424404972938,4.78491918232701,5.01801643904299,5.2715079360515,5.51237061148507,5.71974222838041,5.87315602024518,5.99602598515005,6.09833574557388,6.1974094647591,6.30388810341279,6.38839786115668,6.47893954625045,6.56587057078514,6.63547881313573,6.67972926907076,6.69225493491227,6.68374718494407,6.65465397689375,..
"Population ages 60-64, male (% of male population)",SP.POP.6064.MA.5Y,United States,USA,3.86233136824685,3.87328984877542,3.91311869290379,3.96060013902792,3.99755002213062,4.02415594991841,4.0539103027975,4.07261961927323,4.07642022149277,4.07222056656096,4.07221732279841,4.08386615058125,4.10120720687831,4.11811347349169,4.13313795008732,4.14954194983918,4.18758078363676,4.2187911392539,4.23545719256441,4.24425950384919,4.25632789925065,4.2676929117319,4.29679821937773,4.32568012754594,4.33745327194285,4.32681998625646,4.28405535158744,4.23331195996455,4.17401067156794,4.10667868793979,4.03316802476497,3.93480711805169,3.83409343780244,3.74235155162352,3.67575486048915,3.6424327510363,3.62181349968985,3.63920004269826,3.68354869664785,3.73806531199467,3.79251857509731,3.84426433505808,3.89121741650632,3.94968859299058,4.04534579637874,4.19105270749568,4.36177992373809,4.57870458426628,4.8168099004989,5.04144483479126,5.2333257170146,5.37017817204137,5.47950591725442,5.57068236155061,5.66014637941102,5.7569837403912,5.84568861716623,5.93526487842091,6.01922431977083,..
"Population ages 50-54, male (% of male population)",SP.POP.5054.MA.5Y,United States,USA,5.43991055209002,5.42012900854829,5.41820045573206,5.41914646590241,5.41358755203518,5.40324287643647,5.385376677749,5.37487216685156,5.37362659522599,5.38847892774671,5.42316741609777,5.44382136886086,5.47786941093336,5.51347486487009,5.5334803519797,5.52795962150278,5.45990658442631,5.36970391014842,5.26209743770585,5.1405102188174,5.00559527221138,4.87981571333267,4.75005650094382,4.63051344567549,4.54061918423415,4.49035176892225,4.46055018639165,4.47300746603066,4.51752964181468,4.57513211672748,4.63320111437573,4.67187633911261,4.7136927137447,4.7774830973856,4.88416784862106,5.03714655609203,5.20709262334344,5.42816923874986,5.68317110370376,5.93609732862083,6.15784895745068,6.33632217564705,6.4715441347293,6.57762500942605,6.67775776700992,6.78355785977559,6.87078786754112,6.9646041608846,7.0572656032554,7.13394517298555,7.18366661990286,7.18233573261858,7.16366176010478,7.12449620306773,7.06166999766553,6.97472123127886,6.86035316623749,6.7232638644751,6.57490714558807,..
"Population ages 40-44, male (% of male population)",SP.POP.4044.MA.5Y,United States,USA,6.42689040116721,6.41161522997785,6.42441726377772,6.44594941540706,6.44802140103033,6.41483580252957,6.36112222395862,6.28087548150825,6.18163625917162,6.07303153712418,5.95900864193234,5.82191290137582,5.68602850190048,5.56476997866248,5.46862816106801,5.39812197823718,5.27421286697357,5.1999989561784,5.18619860495809,5.21867069036032,5.26699443846348,5.32489075006264,5.38475712339269,5.46610575062474,5.59375281504629,5.77409639440158,5.98183872256915,6.24536327735641,6.54472489912433,6.8394677827889,7.09640219645667,7.25586530171292,7.37809674163782,7.48433247449805,7.59738388141248,7.72355655777619,7.82943858391453,7.92669549996576,8.00804760654502,8.06151283894715,8.08099861180603,8.0907205995182,8.06842833586206,8.01407658837137,7.92746873548927,7.8097436758818,7.65282894559255,7.47238910680117,7.28066310093699,7.09321772003225,6.92029292008022,6.760584722474,6.62173952868486,6.50262528882301,6.40153754752268,6.31817213254935,6.2528495700306,6.20445317831791,6.1747321236972,..
"Population ages 45-49, male (% of male population)",SP.POP.4549.MA.5Y,United States,USA,6.01432687682651,5.9693491105076,5.92550084778665,5.89158000707214,5.87620153827328,5.88121522333536,5.90596616399395,5.95154860174928,6.00118843841854,6.03216348300415,6.03198587694448,5.9756211154026,5.8922755077772,5.79103834110956,5.68477934966784,5.58229841271421,5.42519380595786,5.25977234177873,5.09032387174744,4.93445087536213,4.81455581640184,4.78719513556176,4.80546719808837,4.85414472483912,4.91344425722343,4.97464572895882,5.03125301808385,5.08565660520325,5.15093789922872,5.25461864007234,5.41591342853896,5.61890038401176,5.86220747598366,6.11480349566043,6.34327934836218,6.53586354895976,6.72759145757418,6.8890725049851,7.01985691965655,7.13126292301392,7.23392917642309,7.34045440513689,7.43618694459928,7.51753280184757,7.57835949685243,7.61352758370154,7.61845888986891,7.60466959818528,7.56474849237024,7.49230682361703,7.38805371123205,7.24959955336849,7.09343355985489,6.928010724225,6.76666840481088,6.61861358402488,6.48202169396982,6.35858495308623,6.25069390302579,..
"Population ages 70-74, female (% of female population)",SP.POP.7074.FE.5Y,United States,USA,2.75778461149674,2.78182870457465,2.82438807331621,2.87492111574668,2.92157334085043,2.95975750683611,2.96358740056797,2.96337511754938,2.96749219114939,2.98815504201944,3.03269127226887,3.07754583273793,3.12057177110929,3.15452520913693,3.18319642401831,3.22122744528837,3.29838647066806,3.38330770896014,3.45353450801253,3.49893238330927,3.52858867995744,3.54245267637497,3.54810108634133,3.54331364013229,3.53632591195604,3.54003037710919,3.54584585708752,3.55907523950936,3.57276062971012,3.58765310894549,3.61085749412955,3.62977862533197,3.65739096822781,3.67820941974758,3.68239281783053,3.67174960734341,3.64037742324478,3.60359339848493,3.55630988553684,3.49682454533842,3.42959154630782,3.35436744682251,3.27956793394594,3.21077567113836,3.15887453410517,3.13139407571247,3.09765234459831,3.0888543918276,3.1047222228441,3.14363287291768,3.20489327662825,3.2708875958331,3.35591485242841,3.46123420119779,3.59033146373198,3.74377172119681,3.90204592991568,4.08303776918479,4.27303377422737,..
"Population ages 75-79, female (% of female population)",SP.POP.7579.FE.5Y,United States,USA,1.99166504334234,2.00102719630883,2.00553274918188,2.0178157513107,2.04689308502381,2.09288097147329,2.12543232649297,2.16217914688049,2.19970397928382,2.23402979472944,2.26479944739161,2.29675793520611,2.32343759580795,2.34977629221172,2.38135590792473,2.41789470769492,2.41729098400582,2.44235810748307,2.50171640495097,2.58799928059736,2.68234219955032,2.72261721805393,2.76087051874164,2.80213296800299,2.84547463534606,2.88451136414822,2.87576040264513,2.86524146767667,2.86311455126965,2.87530577345224,2.89897898869166,2.87603422684742,2.86508957901449,2.87480407637792,2.90523871858068,2.94720003126811,2.95924872475654,2.97749345361033,2.99905316730095,3.01731909571307,3.02605763947428,2.9851237170813,2.9431580700902,2.90646525767377,2.87606376228492,2.84861221879853,2.79763261207728,2.74102728459819,2.68464343548058,2.64029083119654,2.6171524105614,2.59894542629738,2.60450832584795,2.63144976330509,2.67772934424541,2.74259386162681,2.80283528702492,2.87817413398489,2.97145920570329,..
"Population ages 65-69, female (% of female population)",SP.POP.6569.FE.5Y,United States,USA,3.60394241934144,3.60532066868971,3.6013582172644,3.60041195891629,3.6121642087126,3.63923760097931,3.6676344905609,3.71953359964508,3.79064106523122,3.86804727083096,3.93717586597371,3.94751676953842,3.9712866128745,4.02108751824034,4.08897593858332,4.15236179160225,4.14247710504336,4.1244059597218,4.11821998244595,4.13385503004204,4.16478181811746,4.14783680670397,4.1412927713631,4.15505345174686,4.19028214889464,4.23680437035745,4.24097343050336,4.25722675292863,4.28418746749777,4.30958414527813,4.31934565377269,4.26393905759549,4.19856634267859,4.13073899826717,4.06267859948969,3.99132470151879,3.8805195342104,3.76953234730692,3.67039002811419,3.59492990849572,3.54763757333141,3.51548629052084,3.50639127043738,3.52167753776478,3.56147280170084,3.62435368095449,3.68263312946245,3.76473242161244,3.87342069806225,4.01206360157341,4.1796129385957,4.3492485178291,4.54504256075497,4.75070215058332,4.94336261351394,5.10923266366909,5.23811314872773,5.33971522763277,5.42387225393327,..
"Population ages 65-69, male (% of male population)",SP.POP.6569.MA.5Y,United States,USA,3.21368895642902,3.16843437846962,3.11706420905299,3.07689008578184,3.06270782881498,3.07557938178317,3.08742503589386,3.1256296291057,3.18506874965231,3.24981351458592,3.30440575125582,3.30710402806293,3.30480804704488,3.31218879246246,3.33649453943448,3.37311770663923,3.38538992427579,3.41659325243059,3.47903890100813,3.56112903747649,3.63856750864468,3.62804316311935,3.60730877648924,3.59438752239103,3.6035150875529,3.6336274712848,3.63610217169671,3.64812693384043,3.66594150907119,3.67984433577899,3.68228314396758,3.64384420905802,3.59958457191652,3.55331361457517,3.50565221434108,3.45554417917545,3.37178628079418,3.28850547050535,3.21703251084701,3.17067771623884,3.15545394306096,3.16058069323445,3.19242541473001,3.24434722839023,3.30523373899079,3.36828442493516,3.40581932790363,3.44719560047934,3.50672280875276,3.60393064418509,3.74679569108133,3.90176222114953,4.09491423066832,4.30530040549905,4.50363509795077,4.6731868702076,4.80220021960068,4.90372280396292,4.9887609103459,..
"Population ages 70-74, male (% of male population)",SP.POP.7074.MA.5Y,United States,USA,2.3242168503022,2.33796759762015,2.35659882665084,2.36888082108167,2.36774402901852,2.35669960013971,2.33796992183494,2.31083331507134,2.28245628246852,2.26748225455914,2.27771116480271,2.31135824729585,2.35335755472917,2.39250614218708,2.42165557435902,2.44498479316699,2.51781985051723,2.57078296620376,2.59096348593195,2.592960932193,2.6067175153696,2.6361810996981,2.68747201554828,2.74090485332493,2.78012859336809,2.80562051595619,2.82710053113572,2.83818112631661,2.84216701133151,2.8483763947214,2.86494094388337,2.88248105823271,2.9074086201002,2.92952108790028,2.94129942749505,2.9430989328501,2.92162114878401,2.89801884746971,2.86958452798216,2.83456377989263,2.79537951093497,2.75220123956546,2.70638890521139,2.66659144018016,2.64626995258715,2.65311253227279,2.65888182738437,2.69031500131437,2.7399167746643,2.79675838619369,2.8563790098624,2.9024531931091,2.94943427175737,3.00893803696928,3.09824428333157,3.22518719285467,3.36721750067434,3.54025653778963,3.72712140439293,..
"Population ages 75-79, male (% of male population)",SP.POP.7579.MA.5Y,United States,USA,1.52262656338568,1.52491304483696,1.52644236525292,1.53635814193035,1.55590959687736,1.57871787222058,1.58943702654216,1.59473721510068,1.5973058410973,1.59587875223022,1.58828746680872,1.58519187335662,1.57088698683476,1.55664152490852,1.55355782109596,1.56358537489139,1.57378338134818,1.62153853610517,1.71097812057226,1.81874801776342,1.91137125787787,1.91297841135211,1.88368634415972,1.8509797457927,1.83991254429805,1.8552264338156,1.87834662165809,1.91484077506094,1.96046084313938,2.0052090894246,2.04174035617977,2.04647684999926,2.04744782612756,2.05679796061845,2.08047270937465,2.11484918190655,2.13228227131174,2.15143901277463,2.1717346942709,2.18919220916261,2.20045334159768,2.1910195978316,2.17932349099993,2.17043386106477,2.16478498817863,2.16022906834912,2.13926055789478,2.11179886642484,2.08646003887608,2.07540681500845,2.08580107411718,2.10474332431997,2.14396056132428,2.19663885924873,2.25398023443828,2.31244531096651,2.35540467278389,2.39694938868892,2.44907815293887,..
"Population ages 80 and above, male (% of male population)",SP.POP.80UP.MA.5Y,United States,USA,1.13932346910898,1.1945344434811,1.2332815136468,1.25040866101937,1.24468221728833,1.21950124259283,1.28580351467596,1.33483704898241,1.36222874593523,1.36580833623293,1.34598816077084,1.41193859978017,1.46111024711075,1.49023761356023,1.49567009508578,1.47627390355722,1.52473033547235,1.54004471936126,1.52362331606787,1.48928783391517,1.45477166367664,1.54422633028823,1.63033220461694,1.69740941307857,1.73196707015321,1.73225188948186,1.80426432974978,1.84873480976037,1.86925557671506,1.87301616122899,1.86569977424325,1.9418633140365,1.99959182109516,2.03455866521888,2.04577341599065,2.03678807078047,2.10731866639798,2.16106752180517,2.19677094081567,2.21532735550499,2.21973533482479,2.30777471550704,2.37285562066338,2.41443368469672,2.43378182039524,2.43401298942726,2.5184566301046,2.5901943624443,2.64635004246911,2.68190323980217,2.69581316303009,2.76195571291831,2.80739078236427,2.83806305801593,2.8607600972551,2.88056323058023,2.96408099786787,3.03693631042688,3.10021645542017,..
"Population ages 80 and above, female (% of female population)",SP.POP.80UP.FE.5Y,United States,USA,1.66167554584033,1.7493743429263,1.82877953398785,1.89413828430811,1.94117192468196,1.9716751935522,2.06678327549398,2.145992694603,2.21076288016542,2.26321508725997,2.30522445897631,2.41274536354046,2.51027975338397,2.59982691737808,2.68034258473767,2.75091896222992,2.85771997663911,2.93599555892933,2.98747110494885,3.02159641993667,3.0522225474577,3.16377050895104,3.26427115853441,3.35228946807138,3.42848546352325,3.49706147226299,3.61264235656841,3.70995600915461,3.78715580938644,3.8443329641351,3.88684828632681,3.97626512640541,4.03639172017567,4.07073263108753,4.08646608021448,4.09233293636814,4.14012830830468,4.17633156083844,4.20233614935608,4.22051000645286,4.23567579465188,4.30698569280213,4.35192487968434,4.37252984322628,4.37303615726132,4.35964085041804,4.41972196907058,4.46916021167238,4.50833559768213,4.53218848360131,4.53840193755318,4.57354976136224,4.58606888875194,4.58320568635311,4.57364306004832,4.56574268307258,4.60309402234724,4.62798918790336,4.64999078966128,..
,,,,,,,,,,,,,,,,,,,,,,,,,,,,,,,,,,,,,,,,,,,,,,,,,,,,,,,,,,,,,,,
,,,,,,,,,,,,,,,,,,,,,,,,,,,,,,,,,,,,,,,,,,,,,,,,,,,,,,,,,,,,,,,
,,,,,,,,,,,,,,,,,,,,,,,,,,,,,,,,,,,,,,,,,,,,,,,,,,,,,,,,,,,,,,,
Data from database: World Development Indicators,,,,,,,,,,,,,,,,,,,,,,,,,,,,,,,,,,,,,,,,,,,,,,,,,,,,,,,,,,,,,,,
Last Updated: 12/20/2019,,,,,,,,,,,,,,,,,,,,,,,,,,,,,,,,,,,,,,,,,,,,,,,,,,,,,,,,,,,,,,,
